object,member,kind,status,evidence,note
AddIn,Description,property,MISSING,,
AddIn,VBE,property,MISSING,,
AddIn,Collection,property,MISSING,,
AddIn,ProgId,property,MISSING,,
AddIn,Guid,property,MISSING,,
AddIn,Connect,property,MISSING,,
AddIn,Object,property,MISSING,,
Addins,VBE,property,MISSING,,
Addins,Parent,property,MISSING,,
Addins,Count,property,MISSING,,
Addins,Item,method,MISSING,,
Addins,Update,method,MISSING,,
Application,Version,property,MISSING,,
CodeModule,Parent,property,UNASSESSED,,
CodeModule,VBE,property,MISSING,,
CodeModule,Lines,property,PARTIAL,tests/fixtures/vbide_projects.json; tests/test_excel_vbide.py,"Measured cases only; wider input, lifetime and source-format conformance remains incomplete."
CodeModule,CountOfLines,property,PARTIAL,tests/fixtures/vbide_projects.json; tests/test_excel_vbide.py,"Measured cases only; wider input, lifetime and source-format conformance remains incomplete."
CodeModule,ProcStartLine,property,PARTIAL,tests/fixtures/vbide_projects.json; tests/test_excel_vbide.py,"Measured cases only; wider input, lifetime and source-format conformance remains incomplete."
CodeModule,ProcCountLines,property,PARTIAL,tests/fixtures/vbide_projects.json; tests/test_excel_vbide.py,"Measured cases only; wider input, lifetime and source-format conformance remains incomplete."
CodeModule,ProcBodyLine,property,PARTIAL,tests/fixtures/vbide_projects.json; tests/test_excel_vbide.py,"Measured cases only; wider input, lifetime and source-format conformance remains incomplete."
CodeModule,ProcOfLine,property,PARTIAL,tests/fixtures/vbide_projects.json; tests/test_excel_vbide.py,"Measured cases only; wider input, lifetime and source-format conformance remains incomplete."
CodeModule,CountOfDeclarationLines,property,PARTIAL,tests/fixtures/vbide_projects.json; tests/test_excel_vbide.py,"Measured cases only; wider input, lifetime and source-format conformance remains incomplete."
CodeModule,CodePane,property,MISSING,,
CodeModule,AddFromString,method,PARTIAL,tests/fixtures/vbide_projects.json; tests/test_excel_vbide.py,"Measured cases only; wider input, lifetime and source-format conformance remains incomplete."
CodeModule,AddFromFile,method,MISSING,,
CodeModule,InsertLines,method,PARTIAL,tests/fixtures/vbide_projects.json; tests/test_excel_vbide.py,"Measured cases only; wider input, lifetime and source-format conformance remains incomplete."
CodeModule,DeleteLines,method,PARTIAL,tests/fixtures/vbide_projects.json; tests/test_excel_vbide.py,"Measured cases only; wider input, lifetime and source-format conformance remains incomplete."
CodeModule,ReplaceLine,method,PARTIAL,tests/fixtures/vbide_projects.json; tests/test_excel_vbide.py,"Measured cases only; wider input, lifetime and source-format conformance remains incomplete."
CodeModule,CreateEventProc,method,MISSING,,
CodeModule,Find,method,MISSING,,
CodePane,Collection,property,MISSING,,
CodePane,VBE,property,MISSING,,
CodePane,Window,property,MISSING,,
CodePane,TopLine,property,MISSING,,
CodePane,CountOfVisibleLines,property,MISSING,,
CodePane,CodeModule,property,MISSING,,
CodePane,CodePaneView,property,MISSING,,
CodePane,GetSelection,method,MISSING,,
CodePane,SetSelection,method,MISSING,,
CodePane,Show,method,MISSING,,
CodePanes,Parent,property,MISSING,,
CodePanes,VBE,property,MISSING,,
CodePanes,Count,property,MISSING,,
CodePanes,Item,method,MISSING,,
CodePanes,_NewEnum,method,MISSING,,
CommandBarEvents,Click,event,MISSING,,
Component,IsDirty,property,MISSING,,
Component,Name,property,MISSING,,
Components,Application,property,MISSING,,
Components,Parent,property,MISSING,,
Components,Count,property,MISSING,,
Components,VBE,property,MISSING,,
Components,Remove,method,MISSING,,
Components,Add,method,MISSING,,
Components,Import,method,MISSING,,
dispCommandBarControlEvents,Click,method,MISSING,,
dispReferences_Events,ItemAdded,method,MISSING,,
dispReferences_Events,ItemRemoved,method,MISSING,,
dispReferencesEvents,ItemAdded,method,MISSING,,
dispReferencesEvents,ItemRemoved,method,MISSING,,
dispVBComponentsEvents,ItemAdded,method,MISSING,,
dispVBComponentsEvents,ItemRemoved,method,MISSING,,
dispVBComponentsEvents,ItemRenamed,method,MISSING,,
dispVBComponentsEvents,ItemSelected,method,MISSING,,
dispVBComponentsEvents,ItemActivated,method,MISSING,,
dispVBComponentsEvents,ItemReloaded,method,MISSING,,
dispVBProjectsEvents,ItemAdded,method,MISSING,,
dispVBProjectsEvents,ItemRemoved,method,MISSING,,
dispVBProjectsEvents,ItemRenamed,method,MISSING,,
dispVBProjectsEvents,ItemActivated,method,MISSING,,
Events,ReferencesEvents,property,MISSING,,
Events,CommandBarEvents,property,MISSING,,
LinkedWindows,VBE,property,MISSING,,
LinkedWindows,Count,property,MISSING,,
LinkedWindows,Item,method,MISSING,,
LinkedWindows,Remove,method,MISSING,,
LinkedWindows,Add,method,MISSING,,
Properties,Parent,property,MISSING,,
Properties,Count,property,MISSING,,
Properties,VBE,property,MISSING,,
Properties,Item,method,MISSING,,
Property,Value,property,MISSING,,
Property,IndexedValue,property,MISSING,,
Property,NumIndices,property,MISSING,,
Property,Name,property,MISSING,,
Property,VBE,property,MISSING,,
Property,Collection,property,MISSING,,
Property,Object,property,MISSING,,
Reference,Collection,property,MISSING,,
Reference,VBE,property,MISSING,,
Reference,Name,property,MISSING,,
Reference,Guid,property,MISSING,,
Reference,Major,property,MISSING,,
Reference,Minor,property,MISSING,,
Reference,FullPath,property,MISSING,,
Reference,BuiltIn,property,MISSING,,
Reference,IsBroken,property,MISSING,,
Reference,Type,property,MISSING,,
Reference,Description,property,MISSING,,
References,Parent,property,MISSING,,
References,VBE,property,MISSING,,
References,Count,property,MISSING,,
References,Item,method,MISSING,,
References,_NewEnum,method,MISSING,,
References,AddFromGuid,method,MISSING,,
References,AddFromFile,method,MISSING,,
References,Remove,method,MISSING,,
References,ItemAdded,event,MISSING,,
References,ItemRemoved,event,MISSING,,
ReferencesEvents,ItemAdded,event,MISSING,,
ReferencesEvents,ItemRemoved,event,MISSING,,
SelectedComponents,Application,property,MISSING,,
SelectedComponents,Parent,property,MISSING,,
SelectedComponents,Count,property,MISSING,,
SelectedComponents,Item,method,MISSING,,
VBComponent,Saved,property,MISSING,,
VBComponent,Name,property,PARTIAL,tests/fixtures/vbide_projects.json; tests/test_excel_vbide.py,"Measured cases only; wider input, lifetime and source-format conformance remains incomplete."
VBComponent,Designer,property,MISSING,,
VBComponent,CodeModule,property,PARTIAL,tests/fixtures/vbide_projects.json; tests/test_excel_vbide.py,"Measured cases only; wider input, lifetime and source-format conformance remains incomplete."
VBComponent,Type,property,PARTIAL,tests/fixtures/vbide_projects.json; tests/test_excel_vbide.py,"Measured cases only; wider input, lifetime and source-format conformance remains incomplete."
VBComponent,VBE,property,MISSING,,
VBComponent,Collection,property,UNASSESSED,,
VBComponent,HasOpenDesigner,property,MISSING,,
VBComponent,Properties,property,MISSING,,
VBComponent,DesignerID,property,MISSING,,
VBComponent,Export,method,MISSING,,
VBComponent,DesignerWindow,method,MISSING,,
VBComponent,Activate,method,MISSING,,
VBComponent_Old,Saved,property,MISSING,,
VBComponent_Old,Name,property,MISSING,,
VBComponent_Old,Designer,property,MISSING,,
VBComponent_Old,CodeModule,property,MISSING,,
VBComponent_Old,Type,property,MISSING,,
VBComponent_Old,VBE,property,MISSING,,
VBComponent_Old,Collection,property,MISSING,,
VBComponent_Old,HasOpenDesigner,property,MISSING,,
VBComponent_Old,Properties,property,MISSING,,
VBComponent_Old,Export,method,MISSING,,
VBComponent_Old,DesignerWindow,method,MISSING,,
VBComponent_Old,Activate,method,MISSING,,
VBComponents,Parent,property,UNASSESSED,,
VBComponents,Count,property,PARTIAL,tests/fixtures/vbide_projects.json; tests/test_excel_vbide.py,"Measured cases only; wider input, lifetime and source-format conformance remains incomplete."
VBComponents,VBE,property,MISSING,,
VBComponents,Item,method,PARTIAL,tests/fixtures/vbide_projects.json; tests/test_excel_vbide.py,"Measured cases only; wider input, lifetime and source-format conformance remains incomplete."
VBComponents,Remove,method,PARTIAL,tests/fixtures/vbide_projects.json; tests/test_excel_vbide.py,"Measured cases only; wider input, lifetime and source-format conformance remains incomplete."
VBComponents,Add,method,PARTIAL,tests/fixtures/vbide_projects.json; tests/test_excel_vbide.py,"Measured cases only; wider input, lifetime and source-format conformance remains incomplete."
VBComponents,Import,method,MISSING,,
VBComponents,AddCustom,method,MISSING,,
VBComponents_Old,Parent,property,MISSING,,
VBComponents_Old,Count,property,MISSING,,
VBComponents_Old,VBE,property,MISSING,,
VBComponents_Old,Item,method,MISSING,,
VBComponents_Old,Remove,method,MISSING,,
VBComponents_Old,Add,method,MISSING,,
VBComponents_Old,Import,method,MISSING,,
VBE,Version,property,MISSING,,
VBE,VBProjects,property,MISSING,,
VBE,CommandBars,property,MISSING,,
VBE,CodePanes,property,MISSING,,
VBE,Windows,property,MISSING,,
VBE,Events,property,MISSING,,
VBE,ActiveVBProject,property,MISSING,,
VBE,SelectedVBComponent,property,MISSING,,
VBE,MainWindow,property,MISSING,,
VBE,ActiveWindow,property,MISSING,,
VBE,ActiveCodePane,property,MISSING,,
VBE,Addins,property,MISSING,,
VBProject,HelpFile,property,MISSING,,
VBProject,HelpContextID,property,MISSING,,
VBProject,Description,property,MISSING,,
VBProject,Mode,property,UNASSESSED,,
VBProject,References,property,MISSING,,
VBProject,Name,property,PARTIAL,tests/fixtures/vbide_projects.json; tests/test_excel_vbide.py,"Measured cases only; wider input, lifetime and source-format conformance remains incomplete."
VBProject,VBE,property,MISSING,,
VBProject,Collection,property,MISSING,,
VBProject,Protection,property,UNASSESSED,,
VBProject,Saved,property,MISSING,,
VBProject,VBComponents,property,PARTIAL,tests/fixtures/vbide_projects.json; tests/test_excel_vbide.py,"Measured cases only; wider input, lifetime and source-format conformance remains incomplete."
VBProject,Type,property,UNASSESSED,,
VBProject,FileName,property,UNASSESSED,,
VBProject,BuildFileName,property,MISSING,,
VBProject,SaveAs,method,MISSING,,
VBProject,MakeCompiledFile,method,MISSING,,
VBProject_Old,HelpFile,property,MISSING,,
VBProject_Old,HelpContextID,property,MISSING,,
VBProject_Old,Description,property,MISSING,,
VBProject_Old,Mode,property,MISSING,,
VBProject_Old,References,property,MISSING,,
VBProject_Old,Name,property,MISSING,,
VBProject_Old,VBE,property,MISSING,,
VBProject_Old,Collection,property,MISSING,,
VBProject_Old,Protection,property,MISSING,,
VBProject_Old,Saved,property,MISSING,,
VBProject_Old,VBComponents,property,MISSING,,
VBProjects,VBE,property,MISSING,,
VBProjects,Parent,property,MISSING,,
VBProjects,Count,property,MISSING,,
VBProjects,Item,method,MISSING,,
VBProjects,Add,method,MISSING,,
VBProjects,Remove,method,MISSING,,
VBProjects,Open,method,MISSING,,
VBProjects_Old,VBE,property,MISSING,,
VBProjects_Old,Parent,property,MISSING,,
VBProjects_Old,Count,property,MISSING,,
VBProjects_Old,Item,method,MISSING,,
Window,VBE,property,MISSING,,
Window,Collection,property,MISSING,,
Window,Caption,property,MISSING,,
Window,Visible,property,MISSING,,
Window,Left,property,MISSING,,
Window,Top,property,MISSING,,
Window,Width,property,MISSING,,
Window,Height,property,MISSING,,
Window,WindowState,property,MISSING,,
Window,Type,property,MISSING,,
Window,LinkedWindows,property,MISSING,,
Window,LinkedWindowFrame,property,MISSING,,
Window,Close,method,MISSING,,
Window,SetFocus,method,MISSING,,
Windows,VBE,property,MISSING,,
Windows,Parent,property,MISSING,,
Windows,Count,property,MISSING,,
Windows,Item,method,MISSING,,
Windows,CreateToolWindow,method,MISSING,,
Windows_old,VBE,property,MISSING,,
Windows_old,Parent,property,MISSING,,
Windows_old,Count,property,MISSING,,
Windows_old,Item,method,MISSING,,
